,Bond1@2026-03-01,Bond2@2026-09-01,Bond3@2027-03-01,Bond4@2027-09-01,Bond5@2028-03-01,Bond6@2028-09-01,Bond7@2029-03-01,Bond8@2029-09-01,Bond9@2030-03-01,Bond10@2030-09-01
2026-01-05,0.0224872672,0.0231671538,0.0248012898,0.0259537284,0.0265149681,0.0270154676,0.0277101591,0.0283315698,0.0286098709,0.029209148
2026-01-06,0.0221799679,0.0232224754,0.0245645828,0.0254612364,0.0262701468,0.0267413373,0.0274751409,0.028016845,0.0287888757,0.0293936611
2026-01-07,0.0225511923,0.0228121339,0.0243268345,0.0255811117,0.026259915,0.0267744492,0.0274331085,0.0278993781,0.0284334724,0.0290050608
2026-01-08,0.0222333887,0.0230224496,0.0242661075,0.0253939799,0.0261555006,0.0266536359,0.0273265477,0.0279793485,0.0285869944,0.0291894958
2026-01-09,0.0219032043,0.0226078791,0.0242943547,0.0254525513,0.0261922421,0.0266867227,0.0273488504,0.0280594595,0.0283840534,0.0290070332
2026-01-12,0.0223538816,0.0229296454,0.0243799303,0.0253200607,0.0260664757,0.0265545202,0.0272219774,0.0279323726,0.0285138391,0.0291019207
2026-01-13,0.0227762148,0.0228262886,0.0243186231,0.0254408803,0.0261980388,0.0266650085,0.0273413582,0.0280977039,0.0285912905,0.0291489644
2026-01-14,0.0224221406,0.0227220555,0.0244376859,0.0253758654,0.0260453564,0.0266208333,0.0272018277,0.0279796756,0.0281834552,0.0287591734
2026-01-15,0.0220524227,0.0226169346,0.0239236114,0.0251241515,0.025892338,0.0264215761,0.027094517,0.0276913916,0.0281840677,0.0287600353
2026-01-16,0.0216659945,0.0225109142,0.0240422528,0.0249961861,0.0259290689,0.0264546571,0.0271167517,0.0277148847,0.0283124903,0.028875917
